CONDITIONID,MINIMUM_RFL,MAXIMUM_RFL,MINIMUM_SCL,MAXIMUM_SCL,BOUNDARY_SIDE,REACHING_MODE,CROSSING_LEVEL,FORCE_INDICATOR,MAINTAIN_AFTER
AAG2M240        ,240,999,0,999,R,L,240,N,Y
AEP1M290        ,290,999,0,999,R,L,290,N,Y
AGG1M050        ,50,999,0,999,R,L,50,N,Y
AGG1M080        ,80,999,0,999,R,L,80,N,Y
AGG1M090        ,90,999,0,999,R,L,90,N,Y
AGG1M110        ,110,999,0,999,R,L,110,N,Y
AGG1M200        ,200,999,0,999,R,L,200,N,Y
AGG1M220        ,220,999,0,999,R,L,220,N,Y
AGG1M230        ,230,999,0,999,R,L,230,N,Y
AGG1M240        ,240,999,0,999,R,L,240,N,Y
AGG2M080        ,80,999,0,999,R,L,80,N,Y
AGG2M090        ,90,999,0,999,R,L,90,N,Y
AGG2M200        ,200,999,0,999,R,L,200,N,Y
AGG2M220        ,220,999,0,999,R,L,220,N,Y
AGG3M080        ,80,999,0,999,R,L,80,N,Y
AGG3M220        ,220,999,0,999,R,L,220,N,Y
AGG4M220        ,220,999,0,999,R,L,220,N,Y
AGG5M220        ,220,999,0,999,R,L,220,N,Y
AGG6M220        ,220,999,0,999,R,L,220,N,Y
ALI1M230        ,230,999,0,999,R,L,230,N,Y
ALI1M290        ,290,999,0,999,R,L,290,N,Y
ALI1M310        ,310,999,0,999,R,L,310,N,Y
ALI2M230        ,230,999,0,999,R,L,230,N,Y
ALI2M290        ,290,999,0,999,R,L,290,N,Y
ALI2M310        ,310,999,0,999,R,L,310,N,Y
ALI3M310        ,310,999,0,999,R,L,310,N,Y
ALI4M310        ,310,999,0,999,R,L,310,N,Y
ALI5M310        ,310,999,0,999,R,L,310,N,Y
ALK1M110        ,110,999,0,999,R,L,110,N,Y
ALK1M140        ,140,999,0,999,R,L,140,N,Y
ALK1M170        ,170,999,0,999,R,L,170,N,Y
ALK1M180        ,180,999,0,999,R,L,180,N,Y
ALK1M190        ,190,999,0,999,R,L,190,N,Y
ALK1M220        ,220,999,0,999,R,L,220,N,Y
ALK1M230        ,230,999,0,999,R,L,230,N,Y
ALK1M250        ,250,999,0,999,R,L,250,N,Y
ALK1M270        ,270,999,0,999,R,L,270,N,Y
ALK1M310        ,310,999,0,999,R,L,310,N,Y
ALK2M190        ,190,999,0,999,R,L,190,N,Y
ALK2M230        ,230,999,0,999,R,L,230,N,Y
ALO1M080        ,80,999,0,999,R,L,80,N,Y
ALO1M090        ,90,999,0,999,R,L,90,N,Y
ALO1M130        ,130,999,0,999,R,L,130,N,Y
ALO1M150        ,150,999,0,999,R,L,150,N,Y
ALO1M160        ,160,999,0,999,R,L,160,N,Y
ALO1M270        ,270,999,0,999,R,L,270,N,Y
ALO2M080        ,80,999,0,999,R,L,80,N,Y
ALO2M130        ,130,999,0,999,R,L,130,N,Y
ALO2M160        ,160,999,0,999,R,L,160,N,Y
ALS1M080        ,80,999,0,999,R,L,80,N,Y
ALS1M160        ,160,999,0,999,R,L,160,N,Y
ALS1M190        ,190,999,0,999,R,L,190,N,Y
ALS1M200        ,200,999,0,999,R,L,200,N,Y
ALS1M240        ,240,999,0,999,R,L,240,N,Y
ALS1M280        ,280,999,0,999,R,L,280,N,Y
AUU1M280        ,280,999,0,999,R,L,280,N,Y
AUU1M300        ,300,999,0,999,R,L,300,N,Y
AUU2M280        ,280,999,0,999,R,L,280,N,Y
AUU3M280        ,280,999,0,999,R,L,280,N,Y
AWW1M080        ,80,999,0,999,R,L,80,N,Y
AWW1M100        ,100,999,0,999,R,L,100,N,Y
AWW1M110        ,110,999,0,999,R,L,110,N,Y
AWW1M120        ,120,999,0,999,R,L,120,N,Y
AWW1M130        ,130,999,0,999,R,L,130,N,Y
AWW1M180        ,180,999,0,999,R,L,180,N,Y
AWW1M190        ,190,999,0,999,R,L,190,N,Y
AWW1M220        ,220,999,0,999,R,L,220,N,Y
AWW1M230        ,230,999,0,999,R,L,230,N,Y
AWW1M240        ,240,999,0,999,R,L,240,N,Y
AWW1M290        ,290,999,0,999,R,L,290,N,Y
AWW2M080        ,80,999,0,999,R,L,80,N,Y
AWW2M110        ,110,999,0,999,R,L,110,N,Y
AWW2M120        ,120,999,0,999,R,L,120,N,Y
AWW2M180        ,180,999,0,999,R,L,180,N,Y
AWW2M220        ,220,999,0,999,R,L,220,N,Y
AWW2M230        ,230,999,0,999,R,L,230,N,Y
AWW3M180        ,180,999,0,999,R,L,180,N,Y
AWW3M220        ,220,999,0,999,R,L,220,N,Y
DEP1M310        ,310,999,0,999,R,S,310,N,Y
DGG1M080        ,80,999,0,999,R,S,80,N,Y
DGG1M130        ,130,999,0,999,R,S,130,N,Y
DGG1M150        ,150,999,0,999,R,S,150,N,Y
DGG1M160        ,160,999,0,999,R,S,160,N,Y
DGG1M180        ,180,999,0,999,R,S,180,N,Y
DGG1M200        ,200,999,0,999,R,S,200,N,Y
DGG1M210        ,210,999,0,999,R,S,210,N,Y
DGG1M220        ,220,999,0,999,R,S,220,N,Y
DGG1M240        ,240,999,0,999,R,S,240,N,Y
DGG2M080        ,80,999,0,999,R,S,80,N,Y
DGG2M130        ,130,999,0,999,R,S,130,N,Y
DGG2M180        ,180,999,0,999,R,S,180,N,Y
DGG2M200        ,200,999,0,999,R,S,200,N,Y
DGG2M220        ,220,999,0,999,R,S,220,N,Y
DGG3M130        ,130,999,0,999,R,S,130,N,Y
DGG3M180        ,180,999,0,999,R,S,180,N,Y
DGG3M200        ,200,999,0,999,R,S,200,N,Y
DGG4M130        ,130,999,0,999,R,S,130,N,Y
DGG4M200        ,200,999,0,999,R,S,200,N,Y
DLI1M270        ,270,999,0,999,R,S,270,N,Y
DLI1M310        ,310,999,0,999,R,S,310,N,Y
DLI2M310        ,310,999,0,999,R,S,310,N,Y
DLI3M310        ,310,999,0,999,R,S,310,N,Y
DLI4M310        ,310,999,0,999,R,S,310,N,Y
DLK1M090        ,90,999,0,999,R,S,90,N,Y
DLK1M130        ,130,999,0,999,R,S,130,N,Y
DLK1M150        ,150,999,0,999,R,S,150,N,Y
DLK1M160        ,160,999,0,999,R,S,160,N,Y
DLK1M230        ,230,999,0,999,R,S,230,N,Y
DLK1M260        ,260,999,0,999,R,S,260,N,Y
DLK1M290        ,290,999,0,999,R,S,290,N,Y
DLK1M300        ,300,999,0,999,R,S,300,N,Y
DLK1M310        ,310,999,0,999,R,S,310,N,Y
DLK2M130        ,130,999,0,999,R,S,130,N,Y
DLK2M230        ,230,999,0,999,R,S,230,N,Y
DLK2M290        ,290,999,0,999,R,S,290,N,Y
DLK2M300        ,300,999,0,999,R,S,300,N,Y
DLK3M230        ,230,999,0,999,R,S,230,N,Y
DLK4M230        ,230,999,0,999,R,S,230,N,Y
DLK4M300        ,300,999,0,999,R,S,300,N,Y
DLK5M300        ,300,999,0,999,R,S,300,N,Y
DLO1M190        ,190,999,0,999,R,S,190,Y,Y
DLO1M290        ,290,999,0,999,R,S,290,N,Y
DLO1M310        ,310,999,0,999,R,S,310,N,Y
DLO2M290        ,290,999,0,999,R,S,290,N,Y
DLO3M290        ,290,999,0,999,R,S,290,N,Y
DLO4M290        ,290,999,0,999,R,S,290,N,Y
DLS1M160        ,160,999,0,999,R,S,160,N,Y
DLS1M260        ,260,999,0,999,R,S,260,N,Y
DLS1M300        ,300,999,0,999,R,S,300,N,Y
DLS1M310        ,310,999,0,999,R,S,310,N,Y
DUU1M260        ,260,999,0,999,R,S,260,N,Y
DUU1M280        ,280,999,0,999,R,S,280,N,Y
DUU1M300        ,300,999,0,999,R,S,300,N,Y
DUU1M310        ,310,999,0,999,R,S,310,N,Y
DUU2M260        ,260,999,0,999,R,S,260,N,Y
DUU2M300        ,300,999,0,999,R,S,300,N,Y
DUU2M310        ,310,999,0,999,R,S,310,N,Y
DUU3M260        ,260,999,0,999,R,S,260,N,Y
DUU3M300        ,300,999,0,999,R,S,300,N,Y
DUU3M310        ,310,999,0,999,R,S,310,N,Y
DUU4M260        ,260,999,0,999,R,S,260,N,Y
DUU4M300        ,300,999,0,999,R,S,300,N,Y
DUU5M260        ,260,999,0,999,R,S,260,N,Y
DUU6M260        ,260,999,0,999,R,S,260,N,Y
DUU7M260        ,260,999,0,999,R,S,260,N,Y
DUU8M260        ,260,999,0,999,R,S,260,N,Y
DWW1M100        ,100,999,0,999,R,S,100,N,Y
DWW1M120        ,120,999,0,999,R,S,120,N,Y
DWW1M130        ,130,999,0,999,R,S,130,N,Y
DWW1M140        ,140,999,0,999,R,S,140,N,Y
DWW1M150        ,150,999,0,999,R,S,150,N,Y
DWW1M160        ,160,999,0,999,R,S,160,N,Y
DWW1M180        ,180,999,0,999,R,S,180,N,Y
DWW1M190        ,190,999,0,999,R,S,190,N,Y
DWW1M200        ,200,999,0,999,R,S,200,N,Y
DWW1M250        ,250,999,0,999,R,S,250,N,Y
DWW2M120        ,120,999,0,999,R,S,120,N,Y
DWW2M140        ,140,999,0,999,R,S,140,N,Y
VESALEDMS1      ,320,999,0,999,R,L,320,N,N
VESALETSH1      ,320,999,0,999,R,L,314,N,N
VESALETSI1      ,320,999,0,999,R,L,314,N,N
VESALETSI2      ,320,999,0,999,R,L,314,N,N
VESPEEDDB1      ,320,999,0,999,R,L,314,N,N
VESPEEDDN1      ,320,999,0,999,R,L,314,N,N
VESPEEDQD1      ,320,999,0,999,R,L,314,N,N
VESPEEPPO1      ,320,999,0,999,R,L,314,N,N
VESPEEPWR1      ,320,999,0,999,R,L,314,N,N
VESPEEPWR2      ,320,999,0,999,R,L,314,N,N
VESPEEPWR3      ,320,999,0,999,R,L,314,N,N
VESPELKPR1      ,320,999,0,999,R,L,314,N,N
DWW2M180        ,180,999,0,999,R,S,180,N,Y
DWW3M120        ,120,999,0,999,R,S,120,N,Y
IAALBEDAC1      ,290,999,0,999,R,L,290,N,N
IAALBEDDE1      ,250,999,0,999,R,L,250,N,N
IAALBEDDN1      ,140,999,0,999,R,L,140,N,N
IAALBEDDP1      ,290,999,0,999,R,L,290,N,N
IAALBEDGS1      ,300,999,0,999,R,L,300,N,N
IABBGEDDC1      ,270,999,0,999,R,L,270,N,N
IABBGEDDM1      ,270,999,0,999,R,L,270,N,N
IABBGEDDP1      ,230,999,0,999,R,L,230,N,N
IABBGETSI2      ,290,999,0,999,R,L,290,N,N
IAEGGEDMO1      ,90,999,0,999,R,L,90,N,N
IAEGGLOWI1      ,210,999,0,999,R,L,210,N,N
IAFRKLEDAC1     ,110,999,0,999,R,L,110,N,N
IAFRKLEDDE1     ,110,999,0,999,R,L,110,N,N
IAFRKLEDDE2     ,140,999,0,999,R,L,140,N,N
IAFRKLEDDP1     ,190,999,0,999,R,L,190,N,N
IAFRKLEDMS1     ,170,999,0,999,R,L,170,N,N
IAFUEEDDF1      ,280,999,0,999,R,L,280,N,N
IAFUEEDDM1      ,160,999,0,999,R,L,160,N,N
IAFUEEDDM2      ,120,999,0,999,R,L,120,N,N
IAFUEEDJA1      ,90,999,0,999,R,L,90,N,N
IAFUEEDMA1      ,80,999,0,999,R,L,80,N,N
IAFUEEDMO1      ,80,999,0,999,R,L,80,N,N
IAFUEETSI1      ,120,999,0,999,R,L,120,N,N
IAFUEETSL1      ,90,999,0,999,R,L,90,N,N
IAFUELIPB1      ,250,999,0,999,R,L,250,N,N
IAFUELOWI1      ,250,999,0,999,R,L,250,N,N
IAFUELSZS1      ,250,999,0,999,R,L,250,N,N
IAHOFEDAC1      ,210,999,0,999,R,L,210,N,N
IAHOFEDBM1      ,280,999,0,999,R,L,280,N,N
IAHOFEDDC1      ,290,999,0,999,R,L,290,N,N
IAHOFEDDF1      ,270,999,0,999,R,L,270,N,N
IAHOFEDDF2      ,260,999,0,999,R,L,260,N,N
IAHOFEDDS1      ,260,999,0,999,R,L,260,N,N
IAHOFEDDV1      ,300,999,0,999,R,L,300,N,N
IAHOFEDFE1      ,270,999,0,999,R,L,270,N,N
IAHOFEDJA1      ,260,999,0,999,R,L,260,N,N
IAHOFEDMA1      ,270,999,0,999,R,L,270,N,N
IAHOFEDMO1      ,270,999,0,999,R,L,270,N,N
IAHOFEDTY1      ,220,999,0,999,R,L,220,N,N
IAHOFETAR1      ,260,999,0,999,R,L,260,N,N
IAHOFETOU1      ,260,999,0,999,R,L,260,N,N
IAHOFETSI1      ,170,999,0,999,R,L,170,N,N
IANDDGLOWL1     ,310,999,0,999,R,L,310,N,N
IANDGEDDM1      ,160,999,0,999,R,L,160,N,N
IANDGEDDM2      ,140,999,0,999,R,L,140,N,N
IANDGEDDN1      ,200,999,0,999,R,L,200,N,N
IANDGEDJA1      ,80,999,0,999,R,L,80,N,N
IANDGEDMA1      ,80,999,0,999,R,L,80,N,N
IANDGEDMO1      ,90,999,0,999,R,L,90,N,N
IANDGETOU1      ,300,999,0,999,R,L,300,N,N
IANDGETSL1      ,80,999,0,999,R,L,80,N,N
IANDGLKKV1      ,310,999,0,999,R,L,310,N,N
IANDGLOWI1      ,200,999,0,999,R,L,200,N,N
IANDGLOWL1      ,310,999,0,999,R,L,310,N,N
IANDGLOWS1      ,200,999,0,999,R,L,200,N,N
IARDGEDDE1      ,260,999,0,999,R,L,260,N,N
IARDGEDDM1      ,110,999,110,999,R,L,110,N,N
IARDGEDDM2      ,150,999,0,999,R,L,150,N,N
IARDGEDDN1      ,210,999,0,999,R,L,210,N,N
IARDGEDDN2      ,140,999,0,999,R,L,140,N,N
IARDGEDDN3      ,210,999,0,999,R,L,210,N,Y
IARDGEDDP1      ,300,999,0,999,R,L,300,N,N
IARDGEDGS1      ,300,999,0,999,R,L,300,N,N
IARDGEDMA1      ,90,999,0,999,R,L,90,N,N
IARDGEDMO1      ,90,999,0,999,R,L,90,N,N
IARDGEDTY1      ,210,999,0,999,R,L,210,N,N
IARDGETSI1      ,90,999,0,999,R,L,90,N,N
IARDGETSI2      ,100,999,0,999,R,L,80,N,N
IASASEDDS1      ,300,999,0,999,R,L,300,N,N
IASASEDJA1      ,300,999,0,999,R,L,300,N,N
IASASHEDBM1     ,240,999,0,999,R,L,240,N,N
IASASHEDDN1     ,220,999,0,999,R,L,220,N,N
IASASHEDDV1     ,260,999,0,999,R,L,260,N,N
IASASLEDAC1     ,110,999,0,999,R,L,110,N,N
IASASLEDDE1     ,180,999,0,999,R,L,180,N,N
IASASLEDQ1      ,110,999,0,999,R,L,110,N,N
IASTAEDDM1      ,150,999,0,999,R,L,150,N,N
IASTAEDDM2      ,130,999,0,999,R,L,130,N,N
IASTAEDDN1      ,260,999,0,999,R,L,260,N,N
IASTAEDDS1      ,280,999,0,999,R,L,280,N,N
IASTAEDJA1      ,180,999,0,999,R,L,180,N,N
IASTAEDJA2      ,200,999,0,999,R,L,200,N,N
IASTAEDMA1      ,90,999,0,999,R,L,90,N,N
IASTAEDMO1      ,90,999,0,999,R,L,90,N,N
IASTAEDNY1      ,220,999,0,999,R,L,220,N,N
IASTAEDNY2      ,200,999,0,999,R,L,200,N,N
IASTAEDQ1       ,300,999,0,999,R,L,300,N,N
IASTAEDTY1      ,280,999,0,999,R,L,280,N,N
IASTAETIC1      ,260,999,0,999,R,L,260,N,N
IASTAETSI1      ,130,999,0,999,R,L,130,N,N
IASTAETSL1      ,70,999,0,999,R,L,70,N,N
IASTALOWS1      ,230,999,0,999,R,L,230,N,N
IASTALSZS1      ,190,999,0,999,R,L,190,N,N
IATEGEDJA1      ,200,999,0,999,R,L,200,N,N
IATEGEDJA2      ,240,999,0,999,R,L,240,N,N
IATEGEDNY1      ,220,999,0,999,R,L,220,N,N
IATEGEDNY2      ,240,999,0,999,R,L,240,N,N
IATEGLSZS1      ,240,999,0,999,R,L,240,N,N
IATRGLEDDC1     ,150,999,0,999,R,L,150,N,N
IATRGLEDQ1      ,110,999,0,999,R,L,110,N,N
IATRGLLKKV1     ,190,999,0,999,R,L,190,N,N
IATRGNEDDN1     ,240,999,0,999,R,L,240,N,N
IATRGNEDDR1     ,300,999,0,999,R,L,300,N,N
IATRGNEDMS1     ,290,999,0,999,R,L,290,N,N
IATRGSEDBM1     ,220,999,0,999,R,L,220,N,N
IATRGSEDDC1     ,250,999,0,999,R,L,250,N,N
IATRGSEDDM1     ,290,999,0,999,R,L,290,N,N
IATRGSEDDN1     ,210,999,0,999,R,L,210,N,N
IATRGSEDDR1     ,280,999,0,999,R,L,280,N,N
IATRGSEDDV1     ,280,999,0,999,R,L,280,N,N
IATRGSEDJA1     ,300,999,0,999,R,L,300,N,N
IATRGSEDMA1     ,290,999,0,999,R,L,290,N,N
IATRGSEDMO1     ,290,999,0,999,R,L,290,N,N
IATRGSEDMS1     ,270,999,0,999,R,L,270,N,N
IATRGSETSI1     ,250,999,0,999,R,L,250,N,N
IATRGSLKPR1     ,290,999,0,999,R,L,290,N,N
IAWLDEDDM1      ,150,999,0,999,R,L,150,N,N
IAWLDEDDM2      ,110,999,0,999,R,L,110,N,N
IAZUGEDDS1      ,300,999,0,999,R,L,300,N,N
IAZUGEDJA1      ,170,999,0,999,R,L,170,N,N
IAZUGEDNY1      ,170,999,0,999,R,L,170,N,N
IAZUGEDSB1      ,300,999,0,999,R,L,300,N,N
IAZUGLOWS1      ,270,999,0,999,R,L,270,N,N
IAZUGLSZH1      ,280,999,0,999,R,L,280,N,N
IDALBEDDM1      ,250,999,0,999,R,S,250,N,N
IDALBEDDM2      ,200,999,0,999,R,S,200,N,N
IDALBEDDM3      ,260,999,0,999,R,S,260,N,Y
IDALBEDDM4      ,240,999,0,999,R,S,240,N,Y
IDALBETSI1      ,200,999,0,999,R,S,200,N,N
IDALBETSI2      ,240,999,0,999,R,S,240,N,N
IDBBGEDDF1      ,270,999,0,999,R,S,270,N,N
IDBBGEDDM1      ,300,999,0,999,R,S,300,N,N
IDBBGEDDN1      ,280,999,0,999,R,S,280,N,N
IDBBGEDDS1      ,270,999,0,999,R,S,270,N,N
IDDMNEDDM1      ,140,999,0,999,R,S,140,Y,N
IDDMNEDDM2      ,190,999,0,999,R,S,190,Y,N
IDDMNEDDM5      ,190,999,0,999,R,S,190,Y,N
IDDMNEDMA1      ,80,999,0,999,R,S,80,N,N
IDDMNEDMA2      ,80,999,0,999,R,S,80,N,N
IDDMNEDMA3      ,70,999,0,999,R,S,70,N,N
IDDMNEDMA4      ,190,999,0,999,R,S,190,N,N
IDDMNEDMA5      ,190,999,0,999,R,S,190,N,N
IDDMNEDMO1      ,120,999,0,999,R,S,120,N,N
IDDMNEDMO2      ,190,999,0,999,R,S,190,N,N
IDDMSEDDM1      ,190,999,0,999,R,S,190,N,N
IDDMSEDDM2      ,190,999,0,999,R,S,190,N,N
IDDMSEDDM3      ,190,999,0,999,R,S,190,N,N
IDDMSEDDM4      ,150,999,0,999,R,S,150,N,N
IDDMSEDMA1      ,190,999,0,999,R,S,190,N,N
IDDMSEDMA2      ,190,999,0,999,R,S,190,N,N
IDDMSEDMO1      ,70,999,0,999,R,S,70,N,N
IDDMSEDMO2      ,70,999,0,999,R,S,70,N,N
IDFRKLEDDN1     ,160,999,0,999,R,S,160,N,N
IDFRKLEDQ1      ,120,999,0,999,R,S,120,N,N
IDFRKLEDQ2      ,120,999,0,999,R,S,120,N,N
IDFRKLEDQ3      ,170,999,0,999,R,S,170,N,N
IDFUEEDDS1      ,270,999,0,999,R,S,270,N,N
VEERLEDDP1      ,320,999,0,999,R,L,314,N,N
VEERLEDVE1      ,320,999,0,999,R,L,314,N,N
VEERLETSI1      ,320,999,0,999,R,L,314,N,N
VEERLLKPR1      ,320,999,0,999,R,L,314,N,N
VEISAETAR1      ,320,999,0,999,R,L,314,N,N
VEISALKKV1      ,320,999,0,999,R,L,314,N,N
VEISALOWL1      ,320,999,0,999,R,L,314,N,N
VESALEDDB1      ,320,999,0,999,R,L,314,N,N
VESALEDDF1      ,320,999,0,999,R,L,314,N,N
VESALEDDM1      ,320,999,0,999,R,L,314,N,N
VESALEDDR1      ,320,999,0,999,R,L,314,N,N
VESALEDDV1      ,320,999,0,999,R,L,314,N,N
IDFUEEDJA1      ,170,999,0,999,R,S,170,N,N
IDFUEEDMA1      ,270,999,0,999,R,S,270,N,N
IDFUEEDNY1      ,170,999,0,999,R,S,170,N,N
IDHOFEDAC1      ,310,999,0,999,R,S,310,N,Y
IDHOFEDDC2      ,300,999,0,999,R,S,300,N,N
IDHOFEDDE1      ,310,999,0,999,R,S,310,N,Y
IDHOFEDDN1      ,270,999,0,999,R,S,270,N,N
IDHOFEDDN2      ,270,999,0,999,R,S,270,N,N
IDHOFEDDS1      ,270,999,0,999,R,S,270,N,N
IDHOFLKPR1      ,300,999,0,999,R,S,300,N,N
IDHOFLKPR2      ,280,999,0,999,R,S,280,N,N
IDLCHEDJA1      ,90,999,0,999,R,S,90,N,N
IDLCHEDJA2      ,80,999,0,999,R,S,80,N,Y
IDLCHLETSL1     ,90,999,0,999,R,S,90,N,N
IDLCHLETSL2     ,80,999,0,999,R,S,80,N,N
IDNDGEDDN1      ,310,999,0,999,R,S,310,N,N
IDNDGEDDS1      ,310,999,0,999,R,S,310,N,N
IDNDGEDMO1      ,200,999,0,999,R,S,200,N,N
IDNDGEDTY1      ,310,999,0,999,R,S,310,N,N
IDRDGLOWL1      ,300,999,0,999,R,S,300,N,N
IDRDGLOWS1      ,300,999,0,999,R,S,300,N,N
IDSASHEDDC1     ,240,999,0,999,R,S,240,N,N
IDSASLEDDC1     ,160,999,0,999,R,S,160,N,N
IDSTAEDJA1      ,270,999,0,999,R,S,270,N,N
IDSTAEDNY1      ,270,999,0,999,R,S,270,N,N
IDSTALOWI1      ,260,999,0,999,R,S,260,N,N
IDSTALOWS1      ,310,999,0,999,R,S,310,N,N
IDSTALSZH1      ,310,999,0,999,R,S,310,N,N
IDTEGEDDM1      ,0,999,0,999,R,S,170,N,N
IDTEGLOWS1      ,270,999,0,999,R,S,270,N,N
IDTRGLEDDE1     ,160,999,0,999,R,S,160,N,N
IDTRGLEDDP1     ,150,999,0,999,R,S,150,N,N
IDTRGNEDBC1     ,210,999,0,999,R,S,210,N,N
IDTRGNEDDE1     ,230,999,0,999,R,S,230,N,N
IDTRGNEDVE1     ,290,999,0,999,R,S,290,N,N
IDTRGSEDAC1     ,120,999,0,999,R,S,120,N,N
IDTRGSEDAC2     ,100,999,0,999,R,S,100,N,N
IDTRGSEDAC4     ,230,999,0,999,R,S,230,N,N
IDTRGSEDBC1     ,290,999,0,999,R,S,290,N,N
IDTRGSEDBC2     ,230,999,0,999,R,S,230,N,N
IDTRGSEDDC2     ,240,999,0,999,R,S,240,N,N
IDTRGSEDDE1     ,250,999,0,999,R,S,250,N,N
IDTRGSEDDE2     ,230,999,0,999,R,S,230,N,N
IDTRGSEDDP1     ,230,999,0,999,R,S,230,N,N
IDTRGSEDDP2     ,240,999,0,999,R,S,240,N,N
IDWLDEDDN1      ,230,999,0,999,R,S,230,N,N
IDWLDEDTY1      ,230,999,0,999,R,S,230,N,N
IDZUGEDJA1      ,230,999,0,999,R,S,230,N,N
IDZUGEDNY1      ,230,999,0,999,R,S,230,N,N
IDZUGLOWI1      ,180,999,0,999,R,S,180,N,N
IDZUGLSZH1      ,310,999,0,999,R,S,310,N,N
IDZUGLSZH2      ,270,999,0,999,R,S,270,N,N
IDZUGLSZS1      ,310,999,0,999,R,S,310,N,N
UU1ABKIS        ,320,999,0,999,R,S,310,N,N
UU1AKOSI        ,320,999,0,999,R,S,310,N,N
UU1ALAXA        ,320,999,0,999,R,S,310,N,N
UU1BAMKI        ,320,999,0,999,R,S,310,N,N
UU1BAMTA        ,320,999,0,999,R,S,310,N,N
UU1BEBKU        ,320,999,0,999,R,S,310,N,N
UU1BEMKI        ,320,999,0,999,R,S,310,N,N
UU1DESAR        ,320,999,0,999,R,S,310,N,N
UU1EBEDA        ,320,999,0,999,R,S,310,N,N
UU1EKPEK        ,320,999,0,999,R,S,310,N,N
UU1EKSOS        ,320,999,0,999,R,S,310,N,N
UU1ERETO        ,320,999,0,999,R,S,310,N,N
UU1ESOBU        ,320,999,0,999,R,S,310,N,N
UU1GALMA        ,320,999,0,999,R,S,310,N,N
UU1GARKI        ,320,999,0,999,R,S,310,N,N
UU1INN          ,320,999,0,999,R,S,310,N,N
UU1KOBUS        ,320,999,0,999,R,S,310,N,N
UU1KOGOL        ,320,999,0,999,R,S,310,N,N
UU1KONIN        ,320,999,0,999,R,S,310,N,N
UU1KPT          ,320,999,0,999,R,S,310,N,N
UU1KULOK        ,320,999,0,999,R,S,310,N,N
UU1LALIN        ,320,999,0,999,R,S,310,N,N
UU1LONLI        ,320,999,0,999,R,S,310,N,N
UU1LUROS        ,320,999,0,999,R,S,310,N,N
UU1MADEB        ,320,999,0,999,R,S,310,N,N
UU1MAGDA        ,320,999,0,999,R,S,310,N,N
UU1MAH          ,320,999,0,999,R,S,310,N,N
UU1MAMOR        ,320,999,0,999,R,S,310,N,N
UU1MIQ          ,320,999,0,999,R,S,310,N,N
UU1NARUS        ,320,999,0,999,R,S,310,N,N
UU1NESES        ,320,999,0,999,R,S,310,N,N
UU1NOGRA        ,320,999,0,999,R,S,310,N,N
UU1NORIN        ,320,999,0,999,R,S,310,N,N
UU1RENDO        ,320,999,0,999,R,S,310,N,N
UU1RIDAR        ,320,999,0,999,R,S,310,N,N
UU1RIVSA        ,320,999,0,999,R,S,310,N,N
UU1ROBDI        ,320,999,0,999,R,S,310,N,N
UU1RONIG        ,320,999,0,999,R,S,310,N,N
UU1RONTU        ,320,999,0,999,R,S,310,N,N
UU1RUDNO        ,320,999,0,999,R,S,310,N,N
UU1SODRO        ,320,999,0,999,R,S,310,N,N
UU1SUVUT        ,320,999,0,999,R,S,310,N,N
UU1TALEG        ,320,999,0,999,R,S,310,N,N
UU1TULSI        ,320,999,0,999,R,S,310,N,N
UU1TUNUM        ,320,999,0,999,R,S,310,N,N
UU1UNAVI        ,320,999,0,999,R,S,310,N,N
UU1XEBIX        ,320,999,0,999,R,S,310,N,N
UU2EKPEK        ,320,999,0,999,R,S,310,N,N
UU2ERETO        ,320,999,0,999,R,S,310,N,N
UU2GALMA        ,320,999,0,999,R,S,310,N,N
UU2KOBUS        ,320,999,0,999,R,S,310,N,N
UU2KOGOL        ,320,999,0,999,R,S,310,N,N
UU2KPT          ,320,999,0,999,R,S,310,N,N
UU2KULOK        ,320,999,0,999,R,S,310,N,N
UU2NARUS        ,320,999,0,999,R,S,310,N,N
UU2RENDO        ,320,999,0,999,R,S,310,N,N
UU2RONTU        ,320,999,0,999,R,S,310,N,N
UU2RUDNO        ,320,999,0,999,R,S,310,N,N
UU2SODRO        ,320,999,0,999,R,S,310,N,N
UU2UNAVI        ,320,999,0,999,R,S,310,N,N
UU3EKPEK        ,320,999,0,999,R,S,310,N,N
UU3GALMA        ,320,999,0,999,R,S,310,N,N
UU3KOBUS        ,320,999,0,999,R,S,310,N,N
UU3KOGOL        ,320,999,0,999,R,S,310,N,N
UU3KPT          ,320,999,0,999,R,S,310,N,N
UU4KOBUS        ,320,999,0,999,R,S,310,N,N
UU5KOBUS        ,320,999,0,999,R,S,310,N,N
VEALPEDDF1      ,320,999,0,999,R,L,314,N,N
VEALPEDDS1      ,320,999,0,999,R,L,314,N,N
VEALPEDDS2      ,320,999,0,999,R,L,320,N,N
VEALPEDDS3      ,320,999,0,999,R,L,314,N,N
VEALPEDSB1      ,320,999,0,999,R,L,314,N,N
VEALPLFST1      ,320,999,0,999,R,L,314,N,N
VEALPLIPZ1      ,320,999,0,999,R,L,314,N,N
VEALPLIPZ2      ,320,999,0,999,R,L,314,N,N
VEALPLOWS1      ,320,999,0,999,R,L,314,N,N
VEALPLSGC1      ,320,999,0,999,R,L,314,N,N
VEALPLSZH1      ,320,999,0,999,R,L,314,N,N
VECHIEDDS1      ,320,999,0,999,R,L,314,N,N
VECHIEDQ1       ,320,999,0,999,R,L,314,N,N
VECHILOWL1      ,320,999,0,999,R,L,320,N,N
VECHILSZS1      ,320,999,0,999,R,L,314,N,N
VEDONEDDE1      ,320,999,0,999,R,L,314,N,N
VEDONEDDF1      ,320,999,0,999,R,L,314,N,N
VEDONEDDP1      ,320,999,0,999,R,L,314,N,N
VEDONEDQG1      ,320,999,0,999,R,L,314,N,N
VEDONEDSB1      ,320,999,0,999,R,L,314,N,N
VEDONLKPR1      ,320,999,0,999,R,L,314,N,N
VEDONLOWI1      ,320,999,0,999,R,L,314,N,N
VEDONLOWS1      ,320,999,0,999,R,L,314,N,N
VEERLEDDC1      ,320,999,0,999,R,L,314,N,N
VEERLEDDF1      ,320,999,0,999,R,L,314,N,N