AIRSPACE_VOLUMEID,LONG_DESCRIPTION,AREA_CONTOURID,BAROM_STATIONID,LIMITS_MAGNITUDE,LOWER_FACE_LIMIT,UPPER_FACE_LIMIT
EVTRGN1A    ,,EVTRGN1A    ,,F,245,285
EVTRGN1B    ,,EVTRGN1B    ,,F,285,999
EVTRGN3A    ,,EVTRGN3A    ,,F,245,285
EVTRGN3B    ,,EVTRGN3B    ,,F,285,315
EVTRGN3C    ,,EVTRGN3C    ,,F,315,999
EVTRGN4A    ,,EVTRGN4A    ,,F,245,285
EVTRGN4B    ,,EVTRGN4B    ,,F,285,315
EVTRGN4C    ,,EVTRGN4C    ,,F,315,999
AIYEDGG14X  ,,AIYEDGG14X  ,,F,0,246
AIYEDGG15X  ,,AIYEDGG15X  ,,F,0,246
AIYEDGG12X  ,,AIYEDGG12X  ,,F,0,246
AIYEDGG18X  ,,AIYEDGG18X  ,,F,0,246
AIYEDGG06X  ,,AIYEDGG06X  ,,F,0,246
AIYEDGG04X  ,,AIYEDGG04X  ,,F,0,246
AIYLOW5X    ,,AIYLOW5X    ,,F,0,246
AIYLOW4X    ,,AIYLOW4X    ,,F,0,246
AIYLOW3X    ,,AIYLOW3X    ,,F,0,246
AIYEDGG09X  ,,AIYEDGG09X  ,,F,0,246
AIREIMS1AI  ,,AIREIMS1AI  ,,F,244,356
AIREIMS1BI  ,,AIREIMS1BI  ,,F,354,376
AIREIMS2AI  ,,AIREIMS2AI  ,,F,244,326
AIREIMS2BI  ,,AIREIMS2BI  ,,F,324,356
AIREIMS2CI  ,,AIREIMS2CI  ,,F,354,376
AINTM1AI    ,,AINTM1AI    ,,F,244,326
AINTM1BI    ,,AINTM1BI    ,,F,324,356
AINTM1CI    ,,AINTM1CI    ,,F,354,376
AIBINKA1AX  ,,AIBINKA1AX  ,,F,244,286
AIBINKA1BI  ,,AIBINKA1BI  ,,F,284,366
AIBINKA1CI  ,,AIBINKA1CI  ,,F,364,999
AIALUKA1AX  ,,AIALUKA1AX  ,,F,244,286
AIALUKA1BI  ,,AIALUKA1BI  ,,F,284,366
AIALUKA1CI  ,,AIALUKA1CI  ,,F,364,999
AIALUKA2BI  ,,AIALUKA2BI  ,,F,284,366
AIALUKA2CI  ,,AIALUKA2CI  ,,F,364,999
AIRISOK1AX  ,,AIRISOK1AX  ,,F,244,286
AIRISOK1BI  ,,AIRISOK1BI  ,,F,284,366
AIRISOK1CI  ,,AIRISOK1CI  ,,F,364,999
AIEDYY6AX   ,,AIEDYY6AX   ,,F,244,336
AIEDYY6BX   ,,AIEDYY6BX   ,,F,334,356
AIEDYY2AX   ,,AIEDYY2AX   ,,F,244,336
AIEDYY2BX   ,,AIEDYY2BX   ,,F,334,999
AIEDYY3AX   ,,AIEDYY3AX   ,,F,244,336
AIEDYY3BX   ,,AIEDYY3BX   ,,F,334,356
AIEDYY1AX   ,,AIEDYY1AX   ,,F,244,336
AIEDYY1BX   ,,AIEDYY1BX   ,,F,334,999
AIYLOW1X    ,,AIYLOW1X    ,,F,0,226
AILFEELOWX  ,,AILFEELOWX  ,,F,224,246
AILFEE2AX   ,,AILFEE2AX   ,,F,244,316
AILFEE2BX   ,,AILFEE2BX   ,,F,314,346
AILFEE2CX   ,,AILFEE2CX   ,,F,344,366
AILFEE1AX   ,,AILFEE1AX   ,,F,244,316
AILFEE1BX   ,,AILFEE1BX   ,,F,314,346
AILFEE1CX   ,,AILFEE1CX   ,,F,344,366
AIEKDK1AX   ,,AIEKDK1AX   ,,F,244,286
AIEKDK1BX   ,,AIEKDK1BX   ,,F,284,346
AIEKDK1CX   ,,AIEKDK1CX   ,,F,344,999
AIESMM1AX   ,,AIESMM1AX   ,,F,244,286
AIESMM1BX   ,,AIESMM1BX   ,,F,284,356
AIESMM1CX   ,,AIESMM1CX   ,,F,354,999
AIEPWW3AX   ,,AIEPWW3AX   ,,F,244,999
AIEPWW1AX   ,,AIEPWW1AX   ,,F,244,999
AIEPWW2AX   ,,AIEPWW2AX   ,,F,244,999
AIALUKA2SAX ,,AIALUKA2SAX ,,F,244,286
AIALUKA2NAX ,,AIALUKA2NAX ,,F,244,286
AIYEDGG13X  ,,AIYEDGG13X  ,,F,0,246
AIYEDGG10X  ,,AIYEDGG10X  ,,F,0,246
AIYEDGG02X  ,,AIYEDGG02X  ,,F,0,246
AIOSE1BI    ,,AIOSE1BI    ,,F,284,366
AIOSE1CI    ,,AIOSE1CI    ,,F,364,999
AIEDWW1AX   ,,AIEDWW1AX   ,,F,244,286
AIEDWW2AX   ,,AIEDWW2AX   ,,F,244,286
AIYEDWW2X   ,,AIYEDWW2X   ,,F,0,246
AIYEDGG03X  ,,AIYEDGG03X  ,,F,0,246
AIYEDGG5X   ,,AIYEDGG5X   ,,F,0,246
AIEDYY7AX   ,,AIEDYY7AX   ,,F,244,346
AIEDYY7BX   ,,AIEDYY7BX   ,,F,344,356
AIHVL1BI    ,,AIHVL1BI    ,,F,284,366
AIHVL1CI    ,,AIHVL1CI    ,,F,364,999
AIEDWW3AX   ,,AIEDWW3AX   ,,F,244,286
AIEDWW6AX   ,,AIEDWW6AX   ,,F,244,286
AIEDWW4AX   ,,AIEDWW4AX   ,,F,244,286
AISPE1DI    ,,AISPE1DI    ,,F,364,999
AIEDMM8AX   ,,AIEDMM8AX   ,,F,244,286
AIEDWW8AX   ,,AIEDWW8AX   ,,F,244,286
AIEDMM9AX   ,,AIEDMM9AX   ,,F,244,286
AIEDMM8BX   ,,AIEDMM8BX   ,,F,284,316
AIEDMM9BX   ,,AIEDMM9BX   ,,F,284,316
AILFEE1DX   ,,AILFEE1DX   ,,F,364,999
AILFEE2DX   ,,AILFEE2DX   ,,F,364,999
AILOVV6PAR  ,,AILOVV6PAR  ,,F,245,999
AISEGMA1AI  ,,AISEGMA1AI  ,,F,244,316
AISEGMA1BI  ,,AISEGMA1BI  ,,F,314,346
AISEGMA1CI  ,,AISEGMA1CI  ,,F,344,376
AISPE1CI    ,,AISPE1CI    ,,F,314,366
AITGO1AI    ,,AITGO1AI    ,,F,244,316
AITGO1BI    ,,AITGO1BI    ,,F,314,346
AITGO1CI    ,,AITGO1CI    ,,F,344,376
AILKAA1AX   ,,AILKAA1AX   ,,F,244,306
AILKAA1BX   ,,AILKAA1BX   ,,F,304,356
AILKAA1CX   ,,AILKAA1CX   ,,F,354,376
AILKAA1DX   ,,AILKAA1DX   ,,F,374,999
AILKAA2AX   ,,AILKAA2AX   ,,F,244,306
AILKAA2BX   ,,AILKAA2BX   ,,F,304,356
AILKAA2CX   ,,AILKAA2CX   ,,F,354,376
AILKAA2DX   ,,AILKAA2DX   ,,F,374,999
AIEDYY3CX   ,,AIEDYY3CX   ,,F,354,999
AIEDYY6CX   ,,AIEDYY6CX   ,,F,354,999
AISLN1AI    ,,AISLN1AI    ,,F,244,356
AISLN1BI    ,,AISLN1BI    ,,F,354,376
AIYEDGG1X   ,,AIYEDGG1X   ,,F,0,246
AIYEDGG2AX  ,,AIYEDGG2AX  ,,F,0,236
AIYEDGG2BI  ,,AIYEDGG2BI  ,,F,234,246
AIYEDGG3X   ,,AIYEDGG3X   ,,F,0,246
AIYEDGG4X   ,,AIYEDGG4X   ,,F,0,246
AIYLOW2X    ,,AIYLOW2X    ,,F,0,246
AISLN1CI    ,,AISLN1CI    ,,F,374,999
AIREIMS1CI  ,,AIREIMS1CI  ,,F,374,999
AITGO1DI    ,,AITGO1DI    ,,F,374,999
AISEGMA1DI  ,,AISEGMA1DI  ,,F,374,999
AIWUR1BI    ,,AIWUR1BI    ,,F,304,316
AIWUR1CI    ,,AIWUR1CI    ,,F,314,356
AIWUR1DI    ,,AIWUR1DI    ,,F,354,386
AIWUR1EI    ,,AIWUR1EI    ,,F,384,999
AIANSB1AX   ,,AIANSB1AX   ,,F,244,306
AIWUR1AI    ,,AIWUR1AI    ,,F,244,306
AIKEMAD1BX  ,,AIKEMAD1BX  ,,F,254,296
AIKEMAD1CI  ,,AIKEMAD1CI  ,,F,294,346
AIKEMAD1DI  ,,AIKEMAD1DI  ,,F,344,386
AIKEMAD1EI  ,,AIKEMAD1EI  ,,F,384,999
AIEDYY4AX   ,,AIEDYY4AX   ,,F,244,336
AIEDYY4BX   ,,AIEDYY4BX   ,,F,334,356
AIEDYY4CX   ,,AIEDYY4CX   ,,F,354,999
AIHILFE2AX  ,,AIHILFE2AX  ,,F,244,256
AIKEMAD1AX  ,,AIKEMAD1AX  ,,F,244,256
AIFUL1BI    ,,AIFUL1BI    ,,F,254,346
AIFUL1CI    ,,AIFUL1CI    ,,F,344,386
AIFUL1DI    ,,AIFUL1DI    ,,F,384,999
AIHILFE1AX  ,,AIHILFE1AX  ,,F,244,256
AIFUL1AI    ,,AIFUL1AI    ,,F,244,256
AIFFM1BI    ,,AIFFM1BI    ,,F,254,316
AIFFM1CI    ,,AIFFM1CI    ,,F,314,356
AIFFM1DI    ,,AIFFM1DI    ,,F,354,386
AIFFM1EI    ,,AIFFM1EI    ,,F,384,999
AIEKSAK1AX  ,,AIEKSAK1AX  ,,F,244,256
AIFFM1AI    ,,AIFFM1AI    ,,F,244,256
AIEDYY5AX   ,,AIEDYY5AX   ,,F,244,336
AIEDYY5BX   ,,AIEDYY5BX   ,,F,334,356
AIEDYY5CX   ,,AIEDYY5CX   ,,F,354,999
AILIPP1AX   ,,AILIPP1AX   ,,F,244,336
AILIPP1BX   ,,AILIPP1BX   ,,F,334,366
AILIPP2AX   ,,AILIPP2AX   ,,F,244,306
AILIPP2BX   ,,AILIPP2BX   ,,F,304,336
AILSAZ1AX   ,,AILSAZ1AX   ,,F,244,286
AILSAZ1BX   ,,AILSAZ1BX   ,,F,284,326
AILSAZ1CX   ,,AILSAZ1CX   ,,F,324,356
AILSAZ1DX   ,,AILSAZ1DX   ,,F,354,376
AILSAZ1EX   ,,AILSAZ1EX   ,,F,374,999
AIEDYY7CX   ,,AIEDYY7CX   ,,F,354,999
AIKAMUC1AI  ,,AIKAMUC1AI  ,,F,244,316
AIKAMUC1BI  ,,AIKAMUC1BI  ,,F,314,346
AIKAMUC1CI  ,,AIKAMUC1CI  ,,F,344,376
AIKAMUC1DI  ,,AIKAMUC1DI  ,,F,374,999
AILIPP1CX   ,,AILIPP1CX   ,,F,364,999
AILIPP2CX   ,,AILIPP2CX   ,,F,334,366
AILIPP2DX   ,,AILIPP2DX   ,,F,364,999
AILIPP3AX   ,,AILIPP3AX   ,,F,244,336
AILIPP3BX   ,,AILIPP3BX   ,,F,334,366
AILIPP3CX   ,,AILIPP3CX   ,,F,364,999
AILOVV1AX   ,,AILOVV1AX   ,,F,244,345
AILOVV1BX   ,,AILOVV1BX   ,,F,244,345
AILOVV1CX   ,,AILOVV1CX   ,,F,345,999
AILOVV1DX   ,,AILOVV1DX   ,,F,345,999
AILOVV1EX   ,,AILOVV1EX   ,,F,345,999
AIYEDGG07X  ,,AIYEDGG07X  ,,F,0,246
AIISA1CI    ,,AIISA1CI    ,,F,314,356
AIISA1DI    ,,AIISA1DI    ,,F,354,376
AIISA1EI    ,,AIISA1EI    ,,F,374,999
AIEDMM21AX  ,,AIEDMM21AX  ,,F,244,276
AIEDMM24AX  ,,AIEDMM24AX  ,,F,244,276
AIEDMM25AX  ,,AIEDMM25AX  ,,F,244,276
AIEDMM21BX  ,,AIEDMM21BX  ,,F,274,316
AIEDMM24BX  ,,AIEDMM24BX  ,,F,274,316
AIEDMM25BX  ,,AIEDMM25BX  ,,F,274,316
AINTM1DI    ,,AINTM1DI    ,,F,374,999
AIREIMS2DI  ,,AIREIMS2DI  ,,F,374,999
AILOVV2AX   ,,AILOVV2AX   ,,F,244,345
AILOVV2BX   ,,AILOVV2BX   ,,F,244,345
AILOVV2CX   ,,AILOVV2CX   ,,F,345,999
AILOVV2DX   ,,AILOVV2DX   ,,F,345,999
AILOVV2EX   ,,AILOVV2EX   ,,F,345,999
AILOVV5AX   ,,AILOVV5AX   ,,F,244,345
AILOVV5BX   ,,AILOVV5BX   ,,F,244,345
AILOVV5CX   ,,AILOVV5CX   ,,F,345,999
AILOVV5DX   ,,AILOVV5DX   ,,F,365,999
AILOVV5EX   ,,AILOVV5EX   ,,F,345,999
AILOVV36AX  ,,AILOVV36AX  ,,F,244,306
AILOVV36BX  ,,AILOVV36BX  ,,F,244,345
AILOVV36CX  ,,AILOVV36CX  ,,F,344,999
AILOVV36DX  ,,AILOVV36DX  ,,F,365,999
AILOVV36EX  ,,AILOVV36EX  ,,F,345,999
AILOVV4AX   ,,AILOVV4AX   ,,F,244,306
AILOVV4BX   ,,AILOVV4BX   ,,F,244,346
AILOVV4CX   ,,AILOVV4CX   ,,F,344,999
AILOVV4DX   ,,AILOVV4DX   ,,F,364,999
AILOVV4EX   ,,AILOVV4EX   ,,F,345,999
AICHI1BI    ,,AICHI1BI    ,,F,314,356
AICHI1CI    ,,AICHI1CI    ,,F,354,376
AICHI1DI    ,,AICHI1DI    ,,F,374,999
AIEDMM31AX  ,,AIEDMM31AX  ,,F,244,316
AIEDMM37AX  ,,AIEDMM37AX  ,,F,244,316
AIEDMM32AX  ,,AIEDMM32AX  ,,F,244,316
AIEDMM33AX  ,,AIEDMM33AX  ,,F,244,316
AILOVV35AX  ,,AILOVV35AX  ,,F,244,345
AIEDMM34AX  ,,AIEDMM34AX  ,,F,244,316
AIALP1BI    ,,AIALP1BI    ,,F,314,356
AIALP1DI    ,,AIALP1DI    ,,F,374,999
AIALP2CI    ,,AIALP2CI    ,,F,337,376
AIALP1CI    ,,AIALP1CI    ,,F,354,376
AIEDMM15AX  ,,AIEDMM15AX  ,,F,244,316
AIEDMM14AX  ,,AIEDMM14AX  ,,F,244,316
AIEDMM13AX  ,,AIEDMM13AX  ,,F,244,316
AIEDMM11AX  ,,AIEDMM11AX  ,,F,244,316
AIEDMM12AX  ,,AIEDMM12AX  ,,F,244,316
AIEDMM22AX  ,,AIEDMM22AX  ,,F,244,276
AIEDMM23AX  ,,AIEDMM23AX  ,,F,244,276
AIEDMM22BX  ,,AIEDMM22BX  ,,F,274,316
AIEDMM23BX  ,,AIEDMM23BX  ,,F,274,316
AIYEDWW1X   ,,AIYEDWW1X   ,,F,0,246
AIYEDGG01X  ,,AIYEDGG01X  ,,F,0,246
AIYLOW6X    ,,AIYLOW6X    ,,F,0,246
AIRDG1      ,,AIRDG1      ,,F,0,246
AIYEDGG20X  ,,AIYEDGG20X  ,,F,0,246
AIEGG1PAR   ,,AIEGG1PAR   ,,F,0,246
AIYLOW7X    ,,AIYLOW7X    ,,F,0,246
AITEG1Y     ,,AITEG1Y     ,,F,164,246
AITEG1X     ,,AITEG1X     ,,F,0,166
AITEG1Z     ,,AITEG1Z     ,,F,0,166
AIZUG1A     ,,AIZUG1A     ,,F,0,166
AIZUG1B     ,,AIZUG1B     ,,F,164,246
AIFUE1D     ,,AIFUE1D     ,,F,204,246
AIFUE1AB    ,,AIFUE1AB    ,,F,0,106
AIFUE1C     ,,AIFUE1C     ,,F,104,206
AIZUG2B     ,,AIZUG2B     ,,F,104,246
AIZUG2A     ,,AIZUG2A     ,,F,0,106
AIZUG2C     ,,AIZUG2C     ,,F,0,106
AIFUE1B     ,,AIFUE1B     ,,F,104,206
AIFUE1A     ,,AIFUE1A     ,,F,0,106
AIFUE1E     ,,AIFUE1E     ,,F,0,106
AIYLOW8X    ,,AIYLOW8X    ,,F,0,246
AILCHAB     ,,AILCHAB     ,,F,0,66
AILCHA      ,,AILCHA      ,,F,0,66
AILCHAC     ,,AILCHAC     ,,F,0,66
AILCHB      ,,AILCHB      ,,F,64,106
AILCHBA     ,,AILCHBA     ,,F,64,106
AILCHC      ,,AILCHC      ,,F,104,146
AILCHCA     ,,AILCHCA     ,,F,104,146
AILCHCB     ,,AILCHCB     ,,F,104,146
AILCHD      ,,AILCHD      ,,F,144,246
AILCHDA     ,,AILCHDA     ,,F,144,246
AIYTGOA     ,,AIYTGOA     ,,F,0,146
AIYTGOB     ,,AIYTGOB     ,,F,144,236
AIYTGOC     ,,AIYTGOC     ,,F,234,246
AIYTGOCA    ,,AIYTGOCA    ,,F,234,246
AINDG1C     ,,AINDG1C     ,,F,144,246
AINDG1A     ,,AINDG1A     ,,F,0,106
AINDG1AB    ,,AINDG1AB    ,,F,0,106
AINDG1B     ,,AINDG1B     ,,F,104,146
AINDG1BA    ,,AINDG1BA    ,,F,104,146
AIWLD1A     ,,AIWLD1A     ,,F,0,106
AIWLD1B     ,,AIWLD1B     ,,F,104,246
AIDMS1A     ,,AIDMS1A     ,,F,0,196
AIDMS1B     ,,AIDMS1B     ,,F,194,246
AIDMS1BA    ,,AIDMS1BA    ,,F,194,246
AIDMS1BC    ,,AIDMS1BC    ,,F,194,246
AIDMS1BB    ,,AIDMS1BB    ,,F,194,246
AIDMN1A     ,,AIDMN1A     ,,F,0,196
AIDMN1B     ,,AIDMN1B     ,,F,194,246
AIDMN1BA    ,,AIDMN1BA    ,,F,194,246
AIDMN1BC    ,,AIDMN1BC    ,,F,194,246
AIALB1A     ,,AIALB1A     ,,F,0,106
AIALB1B     ,,AIALB1B     ,,F,104,246
AIFRK4A     ,,AIFRK4A     ,,F,0,46
AIFRK4AB    ,,AIFRK4AB    ,,F,0,46
AIFRK4B     ,,AIFRK4B     ,,F,44,106
AIFRK4BA    ,,AIFRK4BA    ,,F,44,106
AIFRK4C     ,,AIFRK4C     ,,F,104,136
AIFRK4CA    ,,AIFRK4CA    ,,F,104,136
AIFRK4D     ,,AIFRK4D     ,,F,134,246
AIFRK4DA    ,,AIFRK4DA    ,,F,134,246
AIFRK3A     ,,AIFRK3A     ,,F,0,46
AIFRK3C     ,,AIFRK3C     ,,F,54,136
AIFRK3D     ,,AIFRK3D     ,,F,134,246
AIFRK3B     ,,AIFRK3B     ,,F,44,56
AIFRK3BA    ,,AIFRK3BA    ,,F,44,56
AIYEDGG21XA ,,AIYEDGG21XA ,,F,0,86
AIYEDGG21XB ,,AIYEDGG21XB ,,F,84,246
AITRGL1A    ,,AITRGL1A    ,,F,0,166
AITRGL1AB   ,,AITRGL1AB   ,,F,0,166
AITRGL1B    ,,AITRGL1B    ,,F,164,196
AITRGL1BA   ,,AITRGL1BA   ,,F,164,196
AITRGL1BB   ,,AITRGL1BB   ,,F,164,196
AITRGL1C    ,,AITRGL1C    ,,F,194,216
AITRGL1CA   ,,AITRGL1CA   ,,F,194,216
AITRGL1CB   ,,AITRGL1CB   ,,F,194,216
AITRGL1D    ,,AITRGL1D    ,,F,214,246
AITRGL1DA   ,,AITRGL1DA   ,,F,214,246
AITRGL1DB   ,,AITRGL1DB   ,,F,214,246
AITRGL3D    ,,AITRGL3D    ,,F,214,246
AITRGL3B    ,,AITRGL3B    ,,F,164,176
AITRGL3A    ,,AITRGL3A    ,,F,0,166
AITRGL3AB   ,,AITRGL3AB   ,,F,0,166
AITRGL3C    ,,AITRGL3C    ,,F,174,216
AITRGL3CA   ,,AITRGL3CA   ,,F,174,216
AISASLA     ,,AISASLA     ,,F,0,136
AISASLAB    ,,AISASLAB    ,,F,0,136
AISASLD     ,,AISASLD     ,,F,194,246
AISASLDA    ,,AISASLDA    ,,F,194,246
AISASLB     ,,AISASLB     ,,F,134,166
AISASLBA    ,,AISASLBA    ,,F,134,166
AISASLC     ,,AISASLC     ,,F,164,196
AISASLCA    ,,AISASLCA    ,,F,164,196
AISTA1B     ,,AISTA1B     ,,F,164,246
AISTA1A     ,,AISTA1A     ,,F,0,166
AISTA1AB    ,,AISTA1AB    ,,F,0,166
AIYEDGG19XA ,,AIYEDGG19XA ,,F,0,106
AIYEDGG19XB ,,AIYEDGG19XB ,,F,104,246
AIYEDGG11XA ,,AIYEDGG11XA ,,F,0,146
AIYEDGG11XC ,,AIYEDGG11XC ,,F,144,246
AIZAOIDEF   ,,AIZAOIDEF   ,,F,248,999
AIFRK5A     ,,AIFRK5A     ,,F,0,196
AIFRK5B     ,,AIFRK5B     ,,F,194,246
AIFRK6A     ,,AIFRK6A     ,,F,0,196
AIFRK6B     ,,AIFRK6B     ,,F,194,246
AIFRK7A     ,,AIFRK7A     ,,F,0,136
AIFRK7B     ,,AIFRK7B     ,,F,134,246
AIFRK1A     ,,AIFRK1A     ,,F,0,136
AIFRK1B     ,,AIFRK1B     ,,F,134,246
AIFRK2A     ,,AIFRK2A     ,,F,0,136
AIFRK2B     ,,AIFRK2B     ,,F,134,246
AITRGL2A    ,,AITRGL2A    ,,F,0,176
AITRGL2B    ,,AITRGL2B    ,,F,174,246
AITRGL4A    ,,AITRGL4A    ,,F,0,196
AITRGL4B    ,,AITRGL4B    ,,F,194,246
AIEGG2A     ,,AIEGG2A     ,,F,244,316
AIEGG2B     ,,AIEGG2B     ,,F,314,999
AINDG2A     ,,AINDG2A     ,,F,244,316
AINDG2B     ,,AINDG2B     ,,F,314,999
AIALB2A     ,,AIALB2A     ,,F,244,316
AIALB2B     ,,AIALB2B     ,,F,314,999
AIRDG2A     ,,AIRDG2A     ,,F,244,316
AIRDG2B     ,,AIRDG2B     ,,F,314,999
AIHOF1A     ,,AIHOF1A     ,,F,244,316
AIHOF1B     ,,AIHOF1B     ,,F,314,999
AIBBG1A     ,,AIBBG1A     ,,F,244,316
AIBBG1B     ,,AIBBG1B     ,,F,314,999
AIBBG2A     ,,AIBBG2A     ,,F,244,316
AIBBG2B     ,,AIBBG2B     ,,F,314,999
AIHOF2A     ,,AIHOF2A     ,,F,244,316
AIHOF2B     ,,AIHOF2B     ,,F,314,999
AITRGS1A    ,,AITRGS1A    ,,F,244,296
AITRGS1B    ,,AITRGS1B    ,,F,294,316
AITRGS1C    ,,AITRGS1C    ,,F,314,999
AITRGS3A    ,,AITRGS3A    ,,F,244,286
AITRGS3B    ,,AITRGS3B    ,,F,284,316
AITRGS3C    ,,AITRGS3C    ,,F,314,999
AITRGS2A    ,,AITRGS2A    ,,F,244,316
AITRGS2B    ,,AITRGS2B    ,,F,314,999
AITRGN2A    ,,AITRGN2A    ,,F,244,316
AITRGN2B    ,,AITRGN2B    ,,F,314,999
AITRGN1A    ,,AITRGN1A    ,,F,244,316
AITRGN1B    ,,AITRGN1B    ,,F,314,999
AITRGN3A    ,,AITRGN3A    ,,F,244,286
AITRGN3B    ,,AITRGN3B    ,,F,284,316
AITRGN3C    ,,AITRGN3C    ,,F,314,999
AITRGN4A    ,,AITRGN4A    ,,F,244,286
AITRGN4B    ,,AITRGN4B    ,,F,284,316
AITRGN4C    ,,AITRGN4C    ,,F,314,999
HVABUH      ,,HVABUH      ,,F,0,999
HVBOMBH     ,,HVBOMBH     ,,F,0,999
HVDEMAH     ,,HVDEMAH     ,,F,0,999
HVDRNH      ,,HVDRNH      ,,F,0,999
HVKOVH      ,,HVKOVH      ,,F,0,999
HVLANDU     ,,HVLANDU     ,,F,0,999
HVLATH      ,,HVLATH      ,,F,0,999
HVNIMH      ,,HVNIMH      ,,F,0,999
HVRMSH      ,,HVRMSH      ,,F,0,999
HVSOPLH     ,,HVSOPLH     ,,F,0,999
HVSULH      ,,HVSULH      ,,F,0,999
HVTESGH     ,,HVTESGH     ,,F,0,999
HVTONSH     ,,HVTONSH     ,,F,0,999
HVWURH      ,,HVWURH      ,,F,0,999
MACENTRAL410,,MACENTRAL410,,F,411,999
MAEAST410   ,,MAEAST410   ,,F,411,999
MASOUTH410  ,,MASOUTH410  ,,F,411,999
MAWEST410   ,,MAWEST410   ,,F,411,999
MBCENTRAL410,,MBCENTRAL410,,F,411,999
MBEAST410   ,,MBEAST410   ,,F,411,999
MBSOUTH410  ,,MBSOUTH410  ,,F,411,999
MBWEST410   ,,MBWEST410   ,,F,411,999
MCCENTRAL410,,MCCENTRAL410,,F,411,999
MCEAST410   ,,MCEAST410   ,,F,411,999
MCSOUTH410  ,,MCSOUTH410  ,,F,411,999
MCWEST410   ,,MCWEST410   ,,F,411,999
MDCENTRAL410,,MDCENTRAL410,,F,411,999
MDEAST410   ,,MDEAST410   ,,F,411,999
MDSOUTH410  ,,MDSOUTH410  ,,F,411,999
MDWEST410   ,,MDWEST410   ,,F,411,999
MEEAST410   ,,MEEAST410   ,,F,411,999
MEWEST410   ,,MEWEST410   ,,F,411,999
MFEAST410   ,,MFEAST410   ,,F,411,999
MFWEST410   ,,MFWEST410   ,,F,411,999
MGEAST410   ,,MGEAST410   ,,F,411,999
MGWEST410   ,,MGWEST410   ,,F,411,999
MHEAST410   ,,MHEAST410   ,,F,411,999
MIEAST410   ,,MIEAST410   ,,F,411,999
SUADEXAA    ,,SUADEXAA    ,,F,998,999
SUADEXAB    ,,SUADEXAB    ,,F,998,999
SUADEXAC    ,,SUADEXAC    ,,F,998,999
SUADEXAD    ,,SUADEXAD    ,,F,998,999
SUADEXAE    ,,SUADEXAE    ,,F,998,999
SUBASIC1    ,,SUBASIC1    ,,F,998,999
SUBASIC1A   ,,SUBASIC1A   ,,F,998,999
SUBASIC1B   ,,SUBASIC1B   ,,F,998,999
SUBASIC1C   ,,SUBASIC1C   ,,F,998,999
SUBASIC1D   ,,SUBASIC1D   ,,F,998,999
SUBASIC1E   ,,SUBASIC1E   ,,F,998,999
SUBASIC1N   ,,SUBASIC1N   ,,F,998,999
SUBASIC1NH  ,,SUBASIC1NH  ,,F,998,999
SUBASIC2    ,,SUBASIC2    ,,F,998,999
SUBASIC2A   ,,SUBASIC2A   ,,F,998,999
SUBASIC2B   ,,SUBASIC2B   ,,F,998,999
SUBASIC2C   ,,SUBASIC2C   ,,F,998,999
SUBASIC2D   ,,SUBASIC2D   ,,F,998,999
SUBASIC2E   ,,SUBASIC2E   ,,F,998,999
SUBASIC2N   ,,SUBASIC2N   ,,F,998,999
SUE11       ,,SUE11       ,,F,998,999
SUE12       ,,SUE12       ,,F,998,999
SUE13       ,,SUE13       ,,F,998,999
SUE14       ,,SUE14       ,,F,998,999
SUE15       ,,SUE15       ,,F,998,999
SUE21       ,,SUE21       ,,F,998,999
SUE99       ,,SUE99       ,,F,998,999
SUEDD47A    ,,SUEDD47A    ,,F,998,999
SUEDD47B    ,,SUEDD47B    ,,F,998,999
SUEDD47C    ,,SUEDD47C    ,,F,998,999
SUEDR136A   ,,SUEDR136A   ,,F,0,300
SUEDR136C   ,,SUEDR136C   ,,F,100,300
SUEDR33A    ,,SUEDR33A    ,,F,998,999
SUEDR33B    ,,SUEDR33B    ,,F,998,999
SUEPD24     ,,SUEPD24     ,,F,998,999
SUEPD57     ,,SUEPD57     ,,F,998,999
SUFRENCHCORN,,SUFRENCHCORN,,F,998,999
SUGH2015A   ,,SUGH2015A   ,,F,998,999
SUGH2015B   ,,SUGH2015B   ,,F,998,999
SUGH2015C   ,,SUGH2015C   ,,F,998,999
SUJANIN     ,,SUJANIN     ,,F,998,999
SUK01       ,,SUK01       ,,F,998,999
SUK02       ,,SUK02       ,,F,998,999
SUK03       ,,SUK03       ,,F,998,999
SUK04       ,,SUK04       ,,F,998,999
SUK05       ,,SUK05       ,,F,998,999
SUK06       ,,SUK06       ,,F,998,999
SULASER     ,,SULASER     ,,F,998,999
SULKTSA1    ,,SULKTSA1    ,,F,998,999
SULKTSA4    ,,SULKTSA4    ,,F,998,999
SUMORE101   ,,SUMORE101   ,,F,998,999
SUMORE102   ,,SUMORE102   ,,F,998,999
SUMORE111   ,,SUMORE111   ,,F,998,999
SUMORE112   ,,SUMORE112   ,,F,998,999
SUOR41      ,,SUOR41      ,,F,998,999
SUOR42      ,,SUOR42      ,,F,998,999
SUOR43      ,,SUOR43      ,,F,998,999
SUOR44      ,,SUOR44      ,,F,998,999
SUOR51      ,,SUOR51      ,,F,998,999
SUOR52      ,,SUOR52      ,,F,998,999
SUOR53      ,,SUOR53      ,,F,998,999
SUOR54      ,,SUOR54      ,,F,998,999
SUOR55      ,,SUOR55      ,,F,998,999
SUOR56      ,,SUOR56      ,,F,998,999
SUOR57      ,,SUOR57      ,,F,998,999
SUOR58      ,,SUOR58      ,,F,998,999
SUOR59      ,,SUOR59      ,,F,998,999
SUOR61      ,,SUOR61      ,,F,998,999
SUOR71      ,,SUOR71      ,,F,998,999
SUOR81      ,,SUOR81      ,,F,998,999
SUOR82      ,,SUOR82      ,,F,998,999
SUOR83      ,,SUOR83      ,,F,998,999
SUOR84      ,,SUOR84      ,,F,998,999
SUOR85      ,,SUOR85      ,,F,998,999
SUOR86      ,,SUOR86      ,,F,998,999
SUOR87      ,,SUOR87      ,,F,998,999
SUOR88      ,,SUOR88      ,,F,998,999
SUTINA      ,,SUTINA      ,,F,998,999
SUTP1       ,,SUTP1       ,,F,998,999
SUTP1ANORTH ,,SUTP1ANORTH ,,F,998,999
SUTP1ASOUTH ,,SUTP1ASOUTH ,,F,998,999
SUTRA205    ,,SUTRA205    ,,F,998,999
SUTRA208A   ,,SUTRA208A   ,,F,998,999
SUTRA208B   ,,SUTRA208B   ,,F,998,999
SUTRA305    ,,SUTRA305    ,,F,998,999
SUTRA305A   ,,SUTRA305A   ,,F,998,999
SUTRA305AD  ,,SUTRA305AD  ,,F,998,999
SUTRA305B   ,,SUTRA305B   ,,F,998,999
SUTRA305BC  ,,SUTRA305BC  ,,F,998,999
SUTRA305C   ,,SUTRA305C   ,,F,998,999
SUTRA305D   ,,SUTRA305D   ,,F,998,999
SUTRA307    ,,SUTRA307    ,,F,998,999
SUTRA307A   ,,SUTRA307A   ,,F,998,999
SUTRA307B   ,,SUTRA307B   ,,F,998,999
SUTRA307D   ,,SUTRA307D   ,,F,998,999
SUTRA307N   ,,SUTRA307N   ,,F,998,999
SUTRA307S   ,,SUTRA307S   ,,F,998,999
SUTRA308    ,,SUTRA308    ,,F,998,999
SUTRA310    ,,SUTRA310    ,,F,998,999
SUTTA       ,,SUTTA       ,,F,998,999
EVYEDGG14X  ,,EVYEDGG14X  ,,F,0,245
EVYEDGG15X  ,,EVYEDGG15X  ,,F,0,245
EVYEDGG12X  ,,EVYEDGG12X  ,,F,0,245
EVYEDGG18X  ,,EVYEDGG18X  ,,F,0,245
EVYEDGG06X  ,,EVYEDGG06X  ,,F,0,245
EVYEDGG04X  ,,EVYEDGG04X  ,,F,0,245
EVYLOW5X    ,,EVYLOW5X    ,,F,0,245
EVYLOW4X    ,,EVYLOW4X    ,,F,0,245
EVYLOW3X    ,,EVYLOW3X    ,,F,0,245
EVYEDGG09X  ,,EVYEDGG09X  ,,F,0,245
EVREIMS1AI  ,,EVREIMS1AI  ,,F,245,355
EVREIMS1BI  ,,EVREIMS1BI  ,,F,355,375
EVREIMS2AI  ,,EVREIMS2AI  ,,F,245,325
EVREIMS2BI  ,,EVREIMS2BI  ,,F,325,355
EVREIMS2CI  ,,EVREIMS2CI  ,,F,355,375
EVNTM1AI    ,,EVNTM1AI    ,,F,245,325
EVNTM1BI    ,,EVNTM1BI    ,,F,325,355
EVNTM1CI    ,,EVNTM1CI    ,,F,355,375
EVBINKA1AX  ,,EVBINKA1AX  ,,F,245,285
EVBINKA1BI  ,,EVBINKA1BI  ,,F,285,365
EVBINKA1CI  ,,EVBINKA1CI  ,,F,365,999
EVALUKA1AX  ,,EVALUKA1AX  ,,F,245,285
EVALUKA1BI  ,,EVALUKA1BI  ,,F,285,365
EVALUKA1CI  ,,EVALUKA1CI  ,,F,365,999
EVALUKA2BI  ,,EVALUKA2BI  ,,F,285,365
EVALUKA2CI  ,,EVALUKA2CI  ,,F,365,999
EVRISOK1AX  ,,EVRISOK1AX  ,,F,245,285
EVRISOK1BI  ,,EVRISOK1BI  ,,F,285,365
EVRISOK1CI  ,,EVRISOK1CI  ,,F,365,999
EVEDYY6AX   ,,EVEDYY6AX   ,,F,245,335
EVEDYY6BX   ,,EVEDYY6BX   ,,F,335,355
EVEDYY2AX   ,,EVEDYY2AX   ,,F,245,335
EVEDYY2BX   ,,EVEDYY2BX   ,,F,335,999
EVEDYY3AX   ,,EVEDYY3AX   ,,F,245,335
EVEDYY3BX   ,,EVEDYY3BX   ,,F,335,355
EVEDYY1AX   ,,EVEDYY1AX   ,,F,245,335
EVEDYY1BX   ,,EVEDYY1BX   ,,F,335,999
EVYLOW1X    ,,EVYLOW1X    ,,F,0,225
EVLFEELOWX  ,,EVLFEELOWX  ,,F,225,245
EVLFEE2AX   ,,EVLFEE2AX   ,,F,245,315
EVLFEE2BX   ,,EVLFEE2BX   ,,F,315,345
EVLFEE2CX   ,,EVLFEE2CX   ,,F,345,365
EVLFEE1AX   ,,EVLFEE1AX   ,,F,245,315
EVLFEE1BX   ,,EVLFEE1BX   ,,F,315,345
EVLFEE1CX   ,,EVLFEE1CX   ,,F,345,365
EVEKDK1AX   ,,EVEKDK1AX   ,,F,245,285
EVEKDK1BX   ,,EVEKDK1BX   ,,F,285,345
EVEKDK1CX   ,,EVEKDK1CX   ,,F,345,999
EVESMM1AX   ,,EVESMM1AX   ,,F,245,285
EVESMM1BX   ,,EVESMM1BX   ,,F,285,355
EVESMM1CX   ,,EVESMM1CX   ,,F,355,999
EVEPWW3AX   ,,EVEPWW3AX   ,,F,245,999
EVEPWW1AX   ,,EVEPWW1AX   ,,F,245,999
EVEPWW2AX   ,,EVEPWW2AX   ,,F,245,999
EVALUKA2SAX ,,EVALUKA2SAX ,,F,245,285
EVALUKA2NAX ,,EVALUKA2NAX ,,F,245,285
EVYEDGG13X  ,,EVYEDGG13X  ,,F,0,245
EVYEDGG10X  ,,EVYEDGG10X  ,,F,0,245
EVYEDGG02X  ,,EVYEDGG02X  ,,F,0,245
EVOSE1BI    ,,EVOSE1BI    ,,F,285,365
EVOSE1CI    ,,EVOSE1CI    ,,F,365,999
EVEDWW1AX   ,,EVEDWW1AX   ,,F,245,285
EVEDWW2AX   ,,EVEDWW2AX   ,,F,245,285
EVYEDWW2X   ,,EVYEDWW2X   ,,F,0,245
EVYEDGG03X  ,,EVYEDGG03X  ,,F,0,245
EVYEDGG5X   ,,EVYEDGG5X   ,,F,0,245
EVEDYY7AX   ,,EVEDYY7AX   ,,F,245,345
EVEDYY7BX   ,,EVEDYY7BX   ,,F,345,355
EVHVL1BI    ,,EVHVL1BI    ,,F,285,365
EVHVL1CI    ,,EVHVL1CI    ,,F,365,999
EVEDWW3AX   ,,EVEDWW3AX   ,,F,245,285
EVEDWW6AX   ,,EVEDWW6AX   ,,F,245,285
EVEDWW4AX   ,,EVEDWW4AX   ,,F,245,285
EVSPE1DI    ,,EVSPE1DI    ,,F,365,999
EVEDMM8AX   ,,EVEDMM8AX   ,,F,245,285
EVEDWW8AX   ,,EVEDWW8AX   ,,F,245,285
EVEDMM9AX   ,,EVEDMM9AX   ,,F,245,285
EVEDMM8BX   ,,EVEDMM8BX   ,,F,285,315
EVEDMM9BX   ,,EVEDMM9BX   ,,F,285,315
EVLFEE1DX   ,,EVLFEE1DX   ,,F,365,999
EVLFEE2DX   ,,EVLFEE2DX   ,,F,365,999
EVLOVV6PAR  ,,EVLOVV6PAR  ,,F,245,999
EVSEGMA1AI  ,,EVSEGMA1AI  ,,F,245,315
EVSEGMA1BI  ,,EVSEGMA1BI  ,,F,315,345
EVSEGMA1CI  ,,EVSEGMA1CI  ,,F,345,375
EVSPE1CI    ,,EVSPE1CI    ,,F,315,365
EVTGO1AI    ,,EVTGO1AI    ,,F,245,315
EVTGO1BI    ,,EVTGO1BI    ,,F,315,345
EVTGO1CI    ,,EVTGO1CI    ,,F,345,375
EVLKAA1AX   ,,EVLKAA1AX   ,,F,245,305
EVLKAA1BX   ,,EVLKAA1BX   ,,F,305,355
EVLKAA1CX   ,,EVLKAA1CX   ,,F,355,375
EVLKAA1DX   ,,EVLKAA1DX   ,,F,375,999
EVLKAA2AX   ,,EVLKAA2AX   ,,F,245,305
EVLKAA2BX   ,,EVLKAA2BX   ,,F,305,355
EVLKAA2CX   ,,EVLKAA2CX   ,,F,355,375
EVLKAA2DX   ,,EVLKAA2DX   ,,F,375,999
EVEDYY3CX   ,,EVEDYY3CX   ,,F,355,999
EVEDYY6CX   ,,EVEDYY6CX   ,,F,355,999
EVSLN1AI    ,,EVSLN1AI    ,,F,245,355
EVSLN1BI    ,,EVSLN1BI    ,,F,355,375
EVYEDGG1X   ,,EVYEDGG1X   ,,F,0,245
EVYEDGG2AX  ,,EVYEDGG2AX  ,,F,0,235
EVYEDGG2BI  ,,EVYEDGG2BI  ,,F,235,245
EVYEDGG3X   ,,EVYEDGG3X   ,,F,0,245
EVYEDGG4X   ,,EVYEDGG4X   ,,F,0,245
EVYLOW2X    ,,EVYLOW2X    ,,F,0,245
EVSLN1CI    ,,EVSLN1CI    ,,F,375,999
EVREIMS1CI  ,,EVREIMS1CI  ,,F,375,999
EVTGO1DI    ,,EVTGO1DI    ,,F,375,999
EVSEGMA1DI  ,,EVSEGMA1DI  ,,F,375,999
EVWUR1BI    ,,EVWUR1BI    ,,F,305,315
EVWUR1CI    ,,EVWUR1CI    ,,F,315,355
EVWUR1DI    ,,EVWUR1DI    ,,F,355,385
EVWUR1EI    ,,EVWUR1EI    ,,F,385,999
EVANSB1AX   ,,EVANSB1AX   ,,F,245,305
EVWUR1AI    ,,EVWUR1AI    ,,F,245,305
EVKEMAD1BX  ,,EVKEMAD1BX  ,,F,255,295
EVKEMAD1CI  ,,EVKEMAD1CI  ,,F,295,345
EVKEMAD1DI  ,,EVKEMAD1DI  ,,F,345,385
EVKEMAD1EI  ,,EVKEMAD1EI  ,,F,385,999
EVEDYY4AX   ,,EVEDYY4AX   ,,F,245,335
EVEDYY4BX   ,,EVEDYY4BX   ,,F,335,355
EVEDYY4CX   ,,EVEDYY4CX   ,,F,355,999
EVHILFE2AX  ,,EVHILFE2AX  ,,F,245,255
EVKEMAD1AX  ,,EVKEMAD1AX  ,,F,245,255
EVFUL1BI    ,,EVFUL1BI    ,,F,255,345
EVFUL1CI    ,,EVFUL1CI    ,,F,345,385
EVFUL1DI    ,,EVFUL1DI    ,,F,385,999
EVHILFE1AX  ,,EVHILFE1AX  ,,F,245,255
EVFUL1AI    ,,EVFUL1AI    ,,F,245,255
EVFFM1BI    ,,EVFFM1BI    ,,F,255,315
EVFFM1CI    ,,EVFFM1CI    ,,F,315,355
EVFFM1DI    ,,EVFFM1DI    ,,F,355,385
EVFFM1EI    ,,EVFFM1EI    ,,F,385,999
EVEKSAK1AX  ,,EVEKSAK1AX  ,,F,245,255
EVFFM1AI    ,,EVFFM1AI    ,,F,245,255
EVEDYY5AX   ,,EVEDYY5AX   ,,F,245,335
EVEDYY5BX   ,,EVEDYY5BX   ,,F,335,355
EVEDYY5CX   ,,EVEDYY5CX   ,,F,355,999
EVLIPP1AX   ,,EVLIPP1AX   ,,F,245,335
EVLIPP1BX   ,,EVLIPP1BX   ,,F,335,365
EVLIPP2AX   ,,EVLIPP2AX   ,,F,245,305
EVLIPP2BX   ,,EVLIPP2BX   ,,F,305,335
EVLSAZ1AX   ,,EVLSAZ1AX   ,,F,245,285
EVLSAZ1BX   ,,EVLSAZ1BX   ,,F,285,325
EVLSAZ1CX   ,,EVLSAZ1CX   ,,F,325,355
EVLSAZ1DX   ,,EVLSAZ1DX   ,,F,355,375
EVLSAZ1EX   ,,EVLSAZ1EX   ,,F,375,999
EVEDYY7CX   ,,EVEDYY7CX   ,,F,355,999
EVKAMUC1AI  ,,EVKAMUC1AI  ,,F,245,315
EVKAMUC1BI  ,,EVKAMUC1BI  ,,F,315,345
EVKAMUC1CI  ,,EVKAMUC1CI  ,,F,345,375
EVKAMUC1DI  ,,EVKAMUC1DI  ,,F,375,999
EVLIPP1CX   ,,EVLIPP1CX   ,,F,365,999
EVLIPP2CX   ,,EVLIPP2CX   ,,F,335,365
EVLIPP2DX   ,,EVLIPP2DX   ,,F,365,999
EVLIPP3AX   ,,EVLIPP3AX   ,,F,245,335
EVLIPP3BX   ,,EVLIPP3BX   ,,F,335,365
EVLIPP3CX   ,,EVLIPP3CX   ,,F,365,999
EVLOVV1AX   ,,EVLOVV1AX   ,,F,245,305
EVLOVV1BX   ,,EVLOVV1BX   ,,F,305,345
EVLOVV1CX   ,,EVLOVV1CX   ,,F,345,365
EVLOVV1DX   ,,EVLOVV1DX   ,,F,365,385
EVLOVV1EX   ,,EVLOVV1EX   ,,F,385,999
EVYEDGG07X  ,,EVYEDGG07X  ,,F,0,245
EVISA1CI    ,,EVISA1CI    ,,F,315,355
EVISA1DI    ,,EVISA1DI    ,,F,355,375
EVISA1EI    ,,EVISA1EI    ,,F,375,999
EVEDMM21AX  ,,EVEDMM21AX  ,,F,245,275
EVEDMM24AX  ,,EVEDMM24AX  ,,F,245,275
EVEDMM25AX  ,,EVEDMM25AX  ,,F,245,275
EVEDMM21BX  ,,EVEDMM21BX  ,,F,275,315
EVEDMM24BX  ,,EVEDMM24BX  ,,F,275,315
EVEDMM25BX  ,,EVEDMM25BX  ,,F,275,315
EVNTM1DI    ,,EVNTM1DI    ,,F,375,999
EVREIMS2DI  ,,EVREIMS2DI  ,,F,375,999
EVLOVV2AX   ,,EVLOVV2AX   ,,F,245,305
EVLOVV2BX   ,,EVLOVV2BX   ,,F,305,345
EVLOVV2CX   ,,EVLOVV2CX   ,,F,345,365
EVLOVV2DX   ,,EVLOVV2DX   ,,F,365,385
EVLOVV2EX   ,,EVLOVV2EX   ,,F,385,999
EVBBG2B     ,,EVBBG2B     ,,F,315,999
EVHOF2A     ,,EVHOF2A     ,,F,245,315
EVHOF2B     ,,EVHOF2B     ,,F,315,999
EVTRGS1A    ,,EVTRGS1A    ,,F,245,295
EVTRGS1B    ,,EVTRGS1B    ,,F,295,315
EVTRGS1C    ,,EVTRGS1C    ,,F,315,999
EVTRGS3A    ,,EVTRGS3A    ,,F,245,285
EVTRGS3B    ,,EVTRGS3B    ,,F,285,315
EVTRGS3C    ,,EVTRGS3C    ,,F,315,999
EVTRGS2A    ,,EVTRGS2A    ,,F,245,315
EVTRGS2B    ,,EVTRGS2B    ,,F,315,999
EVTRGN2A    ,,EVTRGN2A    ,,F,245,315
EVTRGN2B    ,,EVTRGN2B    ,,F,315,999
EVLOVV5AX   ,,EVLOVV5AX   ,,F,245,305
EVLOVV5BX   ,,EVLOVV5BX   ,,F,305,345
EVLOVV5CX   ,,EVLOVV5CX   ,,F,345,365
EVLOVV5DX   ,,EVLOVV5DX   ,,F,365,385
EVLOVV5EX   ,,EVLOVV5EX   ,,F,385,999
EVLOVV36AX  ,,EVLOVV36AX  ,,F,245,305
EVLOVV36BX  ,,EVLOVV36BX  ,,F,305,345
EVLOVV36CX  ,,EVLOVV36CX  ,,F,345,365
EVLOVV36DX  ,,EVLOVV36DX  ,,F,365,385
EVLOVV36EX  ,,EVLOVV36EX  ,,F,385,999
EVLOVV4AX   ,,EVLOVV4AX   ,,F,245,305
EVLOVV4BX   ,,EVLOVV4BX   ,,F,305,345
EVLOVV4CX   ,,EVLOVV4CX   ,,F,345,365
EVLOVV4DX   ,,EVLOVV4DX   ,,F,365,385
EVLOVV4EX   ,,EVLOVV4EX   ,,F,385,999
EVCHI1BI    ,,EVCHI1BI    ,,F,315,355
EVCHI1CI    ,,EVCHI1CI    ,,F,355,375
EVCHI1DI    ,,EVCHI1DI    ,,F,375,999
EVEDMM31AX  ,,EVEDMM31AX  ,,F,245,315
EVEDMM37AX  ,,EVEDMM37AX  ,,F,245,315
EVEDMM32AX  ,,EVEDMM32AX  ,,F,245,315
EVEDMM33AX  ,,EVEDMM33AX  ,,F,245,315
EVLOVV35AX  ,,EVLOVV35AX  ,,F,245,315
EVEDMM34AX  ,,EVEDMM34AX  ,,F,245,315
EVALP1BI    ,,EVALP1BI    ,,F,315,355
EVALP1DI    ,,EVALP1DI    ,,F,375,999
EVALP2CI    ,,EVALP2CI    ,,F,355,375
EVALP1CI    ,,EVALP1CI    ,,F,355,375
EVEDMM15AX  ,,EVEDMM15AX  ,,F,245,315
EVEDMM14AX  ,,EVEDMM14AX  ,,F,245,315
EVEDMM13AX  ,,EVEDMM13AX  ,,F,245,315
EVEDMM11AX  ,,EVEDMM11AX  ,,F,245,315
EVEDMM12AX  ,,EVEDMM12AX  ,,F,245,315
EVEDMM22AX  ,,EVEDMM22AX  ,,F,245,275
EVEDMM23AX  ,,EVEDMM23AX  ,,F,245,275
EVEDMM22BX  ,,EVEDMM22BX  ,,F,275,315
EVEDMM23BX  ,,EVEDMM23BX  ,,F,275,315
EVYEDWW1X   ,,EVYEDWW1X   ,,F,0,245
EVYEDGG01X  ,,EVYEDGG01X  ,,F,0,245
EVYLOW6X    ,,EVYLOW6X    ,,F,0,245
EVRDG1      ,,EVRDG1      ,,F,0,245
EVYEDGG20X  ,,EVYEDGG20X  ,,F,0,245
EVEGG1PAR   ,,EVEGG1PAR   ,,F,0,245
EVYLOW7X    ,,EVYLOW7X    ,,F,0,245
EVTEG1Y     ,,EVTEG1Y     ,,F,165,245
EVTEG1X     ,,EVTEG1X     ,,F,0,165
EVTEG1Z     ,,EVTEG1Z     ,,F,0,165
EVZUG1A     ,,EVZUG1A     ,,F,0,165
EVZUG1B     ,,EVZUG1B     ,,F,165,245
EVFUE1D     ,,EVFUE1D     ,,F,205,245
EVFUE1AB    ,,EVFUE1AB    ,,F,0,105
EVFUE1C     ,,EVFUE1C     ,,F,105,205
EVZUG2B     ,,EVZUG2B     ,,F,105,245
EVZUG2A     ,,EVZUG2A     ,,F,0,105
EVZUG2C     ,,EVZUG2C     ,,F,0,105
EVFUE1B     ,,EVFUE1B     ,,F,105,205
EVFUE1A     ,,EVFUE1A     ,,F,0,105
EVFUE1E     ,,EVFUE1E     ,,F,0,105
EVYLOW8X    ,,EVYLOW8X    ,,F,0,245
EVLCHAB     ,,EVLCHAB     ,,F,0,65
EVLCHA      ,,EVLCHA      ,,F,0,65
EVLCHAC     ,,EVLCHAC     ,,F,0,65
EVLCHB      ,,EVLCHB      ,,F,65,105
EVLCHBA     ,,EVLCHBA     ,,F,65,105
EVLCHC      ,,EVLCHC      ,,F,105,145
EVLCHCA     ,,EVLCHCA     ,,F,105,145
EVLCHCB     ,,EVLCHCB     ,,F,105,145
EVLCHD      ,,EVLCHD      ,,F,145,245
EVLCHDA     ,,EVLCHDA     ,,F,145,245
EVYTGOA     ,,EVYTGOA     ,,F,0,145
EVYTGOB     ,,EVYTGOB     ,,F,145,235
EVYTGOC     ,,EVYTGOC     ,,F,235,245
EVYTGOCA    ,,EVYTGOCA    ,,F,235,245
EVNDG1C     ,,EVNDG1C     ,,F,145,245
EVNDG1A     ,,EVNDG1A     ,,F,0,105
EVNDG1AB    ,,EVNDG1AB    ,,F,0,105
EVNDG1B     ,,EVNDG1B     ,,F,105,145
EVNDG1BA    ,,EVNDG1BA    ,,F,105,145
EVWLD1A     ,,EVWLD1A     ,,F,0,105
EVWLD1B     ,,EVWLD1B     ,,F,105,245
EVDMS1A     ,,EVDMS1A     ,,F,0,195
EVDMS1B     ,,EVDMS1B     ,,F,195,245
EVDMS1BA    ,,EVDMS1BA    ,,F,195,245
EVDMS1BC    ,,EVDMS1BC    ,,F,195,245
EVDMS1BB    ,,EVDMS1BB    ,,F,195,245
EVDMN1A     ,,EVDMN1A     ,,F,0,195
EVDMN1B     ,,EVDMN1B     ,,F,195,245
EVDMN1BA    ,,EVDMN1BA    ,,F,195,245
EVDMN1BC    ,,EVDMN1BC    ,,F,195,245
EVALB1A     ,,EVALB1A     ,,F,0,105
EVALB1B     ,,EVALB1B     ,,F,105,245
EVFRK4A     ,,EVFRK4A     ,,F,0,45
EVFRK4AB    ,,EVFRK4AB    ,,F,0,45
EVFRK4B     ,,EVFRK4B     ,,F,45,105
EVFRK4BA    ,,EVFRK4BA    ,,F,45,105
EVFRK4C     ,,EVFRK4C     ,,F,105,135
EVFRK4CA    ,,EVFRK4CA    ,,F,105,135
EVFRK4D     ,,EVFRK4D     ,,F,135,245
EVFRK4DA    ,,EVFRK4DA    ,,F,135,245
EVFRK3A     ,,EVFRK3A     ,,F,0,45
EVFRK3C     ,,EVFRK3C     ,,F,55,135
EVFRK3D     ,,EVFRK3D     ,,F,135,245
EVFRK3B     ,,EVFRK3B     ,,F,45,55
EVFRK3BA    ,,EVFRK3BA    ,,F,45,55
EVYEDGG21XA ,,EVYEDGG21XA ,,F,0,85
EVYEDGG21XB ,,EVYEDGG21XB ,,F,85,245
EVTRGL1A    ,,EVTRGL1A    ,,F,0,165
EVTRGL1AB   ,,EVTRGL1AB   ,,F,0,165
EVTRGL1B    ,,EVTRGL1B    ,,F,165,195
EVTRGL1BA   ,,EVTRGL1BA   ,,F,165,195
EVTRGL1BB   ,,EVTRGL1BB   ,,F,165,195
EVTRGL1C    ,,EVTRGL1C    ,,F,195,215
EVTRGL1CA   ,,EVTRGL1CA   ,,F,195,215
EVTRGL1CB   ,,EVTRGL1CB   ,,F,195,215
EVTRGL1D    ,,EVTRGL1D    ,,F,215,245
EVTRGL1DA   ,,EVTRGL1DA   ,,F,215,245
EVTRGL1DB   ,,EVTRGL1DB   ,,F,215,245
EVTRGL3D    ,,EVTRGL3D    ,,F,215,245
EVTRGL3B    ,,EVTRGL3B    ,,F,165,175
EVTRGL3A    ,,EVTRGL3A    ,,F,0,165
EVTRGL3AB   ,,EVTRGL3AB   ,,F,0,165
EVTRGL3C    ,,EVTRGL3C    ,,F,175,215
EVTRGL3CA   ,,EVTRGL3CA   ,,F,175,215
EVSASLA     ,,EVSASLA     ,,F,0,135
EVSASLAB    ,,EVSASLAB    ,,F,0,135
EVSASLD     ,,EVSASLD     ,,F,195,245
EVSASLDA    ,,EVSASLDA    ,,F,195,245
EVSASLB     ,,EVSASLB     ,,F,135,165
EVSASLBA    ,,EVSASLBA    ,,F,135,165
EVSASLC     ,,EVSASLC     ,,F,165,195
EVSASLCA    ,,EVSASLCA    ,,F,165,195
EVSTA1B     ,,EVSTA1B     ,,F,165,245
EVSTA1A     ,,EVSTA1A     ,,F,0,165
EVSTA1AB    ,,EVSTA1AB    ,,F,0,165
EVYEDGG19XA ,,EVYEDGG19XA ,,F,0,105
EVYEDGG19XB ,,EVYEDGG19XB ,,F,105,245
EVYEDGG11XA ,,EVYEDGG11XA ,,F,0,145
EVYEDGG11XC ,,EVYEDGG11XC ,,F,145,245
EVZAOIDEF   ,,EVZAOIDEF   ,,F,249,999
EVFRK5A     ,,EVFRK5A     ,,F,0,195
EVFRK5B     ,,EVFRK5B     ,,F,195,245
EVFRK6A     ,,EVFRK6A     ,,F,0,195
EVFRK6B     ,,EVFRK6B     ,,F,195,245
EVFRK7A     ,,EVFRK7A     ,,F,0,135
EVFRK7B     ,,EVFRK7B     ,,F,135,245
EVFRK1A     ,,EVFRK1A     ,,F,0,135
EVFRK1B     ,,EVFRK1B     ,,F,135,245
EVFRK2A     ,,EVFRK2A     ,,F,0,135
EVFRK2B     ,,EVFRK2B     ,,F,135,245
EVTRGL2A    ,,EVTRGL2A    ,,F,0,175
EVTRGL2B    ,,EVTRGL2B    ,,F,175,245
EVTRGL4A    ,,EVTRGL4A    ,,F,0,195
EVTRGL4B    ,,EVTRGL4B    ,,F,195,245
EVEGG2A     ,,EVEGG2A     ,,F,245,315
EVEGG2B     ,,EVEGG2B     ,,F,315,999
EVNDG2A     ,,EVNDG2A     ,,F,245,315
EVNDG2B     ,,EVNDG2B     ,,F,315,999
EVALB2A     ,,EVALB2A     ,,F,245,315
EVALB2B     ,,EVALB2B     ,,F,315,999
EVRDG2A     ,,EVRDG2A     ,,F,245,315
EVRDG2B     ,,EVRDG2B     ,,F,315,999
EVHOF1A     ,,EVHOF1A     ,,F,245,315
EVHOF1B     ,,EVHOF1B     ,,F,315,999
EVBBG1A     ,,EVBBG1A     ,,F,245,315
EVBBG1B     ,,EVBBG1B     ,,F,315,999
EVBBG2A     ,,EVBBG2A     ,,F,245,315
HVDKBH      ,,HVDKBH      ,,F,0,999
HVBETOS     ,,HVBETOS     ,,F,50,310
HVERNAS     ,,HVERNAS     ,,F,55,300
HVGERDO     ,,HVGERDO     ,,F,50,310
HVKPT       ,,HVKPT       ,,F,70,310
HVLASTO     ,,HVLASTO     ,,F,50,310
HVNERID     ,,HVNERID     ,,F,40,310
HVNETES     ,,HVNETES     ,,F,100,310
HVOBAGA     ,,HVOBAGA     ,,F,120,310
HVROKIL     ,,HVROKIL     ,,F,50,310
HVWEMARENR  ,,HVWEMAR     ,,F,200,300
HVWEMARLOW  ,,HVWEMAR     ,,F,100,200